amdeyr,n,p,year
1,4467,0.10589825043857569,2019
2,37715,0.8941017495614243,2019
