amdeyr,n,p,year
1,3949,0.09387628964008939,2017
2,38117,0.9061237103599106,2017
