amdeyr,n,p,year
1,2898,0.11138870738363378,2020
2,23119,0.8886112926163662,2020
