amdeyr,n,p,year
1,3953,0.09306212773971796,2018
2,38524,0.906937872260282,2018
